index,zone_index,zone,z_bottom_mm,z_top_mm,height_mm,r_inner_mid_mm,r_outer_mid_mm,tracks,pitch_mm,exact_volume_mm3,deposit_area_mm2,active_time_min,dwell_s,cycle_time_min
1,1,FLANGE_NARROW,0.0,1.5333333124717077,1.5333333124717077,20.000007180207632,82.00000970089991,24,2.583333438362178,30463.401509116567,3.9003732470084778,14.611170440274927,0.0,14.639527404411707
2,1,FLANGE_NARROW,1.5333333124717077,3.0666666249434154,1.5333333124717077,20.000007180207632,82.00000970089991,24,2.583333438362178,30463.401509116567,3.9003732470084778,14.611170440274927,0.0,14.639527404411707
3,1,FLANGE_NARROW,3.0666666249434154,4.599999937415123,1.5333333124717075,20.000007180207632,82.00000970089991,24,2.583333438362178,30463.401509116564,3.9003732470084773,14.611170440274927,0.0,14.639527404411707
4,1,FLANGE_NARROW,4.599999937415123,6.133333249886831,1.533333312471708,20.000007180207632,82.00000970089991,24,2.583333438362178,30463.401509116575,3.9003732470084786,14.611170440274927,0.0,14.639527404411707
5,1,FLANGE_NARROW,6.133333249886831,7.666666562358539,1.533333312471708,20.000007180207632,82.00000970089991,24,2.583333438362178,30463.401509116575,3.9003732470084786,14.611170440274927,0.0,14.639527404411707
6,1,FLANGE_NARROW,7.666666562358539,9.199999874830246,1.533333312471707,20.000007180207632,82.00000970089991,24,2.583333438362178,30463.401509116553,3.900373247008476,14.611170440274927,0.0,14.639527404411707
7,1,FLANGE_NARROW,9.199999874830246,10.733333187301954,1.533333312471708,20.000007180207632,82.00000970089991,24,2.583333438362178,30463.401509116575,3.9003732470084786,14.611170440274927,0.0,14.639527404411707
8,1,FLANGE_NARROW,10.733333187301954,12.266666499773661,1.533333312471708,20.000007180207632,82.00000970089991,24,2.583333438362178,30463.401509116575,3.9003732470084786,14.611170440274927,0.0,14.639527404411707
9,1,FLANGE_NARROW,12.266666499773661,13.79999981224537,1.533333312471708,20.000007180207632,82.00000970089991,24,2.583333438362178,30463.401509116575,3.9003732470084786,14.611170440274927,0.0,14.639527404411707
10,1,FLANGE_NARROW,13.79999981224537,15.333333124717077,1.533333312471708,20.000007180207632,82.00000970089991,24,2.583333438362178,30463.401509116575,3.9003732470084786,14.611170440274927,0.0,14.639527404411707
11,1,FLANGE_NARROW,15.333333124717077,16.866666437188783,1.5333333124717061,20.000007180207632,82.00000970089991,24,2.583333438362178,30463.40150911654,3.900373247008474,14.611170440274927,0.0,14.639527404411707
12,1,FLANGE_NARROW,16.866666437188783,18.39999974966049,1.533333312471708,20.000007180207632,82.00000970089991,24,2.583333438362178,30463.401509116575,3.9003732470084786,14.611170440274927,0.0,14.639527404411707
13,1,FLANGE_NARROW,18.39999974966049,19.9333330621322,1.533333312471708,20.000007180207632,82.00000970089991,24,2.583333438362178,30463.401509116575,3.9003732470084786,14.611170440274927,0.0,14.639527404411707
14,1,FLANGE_NARROW,19.9333330621322,21.466666374603907,1.533333312471708,20.000007180207632,82.00000970089991,24,2.583333438362178,30463.401509116575,3.9003732470084786,14.611170440274927,0.0,14.639527404411707
15,1,FLANGE_NARROW,21.466666374603907,22.999999687075615,1.533333312471708,20.000007180207632,82.00000970089991,24,2.583333438362178,30463.401509116575,3.9003732470084786,14.611170440274927,0.0,14.639527404411707
16,2,HUB_WIDE,22.999999687075615,24.44117626986083,1.4411765827852143,20.000007180207632,37.73530065501805,5,3.5470586949620837,4636.143183964083,5.015594566913847,3.0358632193494577,116.1467889908257,5.0
17,2,HUB_WIDE,24.44117626986083,25.882352852646044,1.4411765827852143,20.000007180207632,37.20588844759137,5,3.4411762534767476,4456.5120545226855,4.867155066204121,3.0358632193494577,116.1467889908257,5.0
18,2,HUB_WIDE,25.882352852646044,27.323529435431254,1.4411765827852108,20.000007180207632,36.67647624016468,5,3.33529381199141,4279.4188862185065,4.718651540701046,3.0358632193494577,116.1467889908257,5.0
19,2,HUB_WIDE,27.323529435431254,28.76470601821647,1.4411765827852143,20.000007180207632,36.147064032738,5,3.2294113705060736,4104.863679051582,4.570082343602543,3.0358632193494577,116.1467889908257,5.0
20,2,HUB_WIDE,28.76470601821647,30.205882601001683,1.4411765827852143,20.000007180207632,35.61765182531131,4,3.9044111612759203,3932.8464425088,5.518049414415963,2.427022518765638,152.67723102585487,5.0
21,2,HUB_WIDE,30.205882601001683,31.647059183786897,1.4411765827852143,20.000007180207632,35.0882400391726,4,3.772058214741241,3763.36728179083,5.332835955523272,2.427022518765638,152.67723102585487,5.0
22,2,HUB_WIDE,31.647059183786897,33.08823576657211,1.4411765827852143,20.000007180207632,34.55882831869389,4,3.6397052846215647,3596.426108399705,5.147516303467092,2.427022518765638,152.67723102585487,5.0
23,2,HUB_WIDE,33.08823576657211,34.52941234935732,1.4411765827852108,20.000007180207632,34.029416598215185,4,3.5073523545018883,3432.022891477022,4.962087492578029,2.427022518765638,152.67723102585487,5.0
24,2,HUB_WIDE,34.52941234935732,35.97058893214254,1.4411765827852179,20.000007180207632,33.50000487773647,4,3.37499942438221,3270.1576310228124,4.776546520094489,2.427022518765638,152.67723102585487,5.0
25,2,HUB_WIDE,35.97058893214254,37.41176551492775,1.4411765827852108,20.000007180207632,32.97059315725776,4,3.242646494262532,3110.8303270370216,4.590890314025409,2.427022518765638,152.67723102585487,5.0
26,2,HUB_WIDE,37.41176551492775,38.85294209771297,1.4411765827852179,20.000007180207632,32.441181436779054,4,3.1102935641428555,2954.040984913127,4.405115747549962,2.427022518765638,152.67723102585487,5.0
27,2,HUB_WIDE,38.85294209771297,40.29411868049818,1.4411765827852108,20.000007180207632,31.911769938686614,3,3.970587586159661,2799.789652644138,5.617487428609531,1.8181818181818181,189.20767306088405,5.0
28,2,HUB_WIDE,40.29411868049818,41.73529526328339,1.4411765827852108,20.000007180207632,31.38235844084487,3,3.79411708687908,2648.0762802650047,5.370397609437028,1.8181818181818181,189.20767306088405,5.0
29,2,HUB_WIDE,41.73529526328339,43.17647184606861,1.4411765827852179,20.000007180207632,30.852946943003133,3,3.6176465875985,2498.900862219727,5.123099275464736,1.8181818181818181,189.20767306088405,5.0
30,2,HUB_WIDE,43.17647184606861,44.61764842885382,1.4411765827852108,20.000007180207632,30.323535445161397,3,3.441176088317922,2352.2633985082707,4.87558625404905,1.8181818181818181,189.20767306088405,5.0
31,2,HUB_WIDE,44.61764842885382,46.05882501163903,1.4411765827852108,20.000007180207632,29.794123947319658,3,3.264705589037342,2208.1638891306698,4.627852251116069,1.8181818181818181,189.20767306088405,5.0
32,2,HUB_WIDE,46.05882501163903,47.50000159442425,1.4411765827852179,20.000007180207632,29.264712449477923,3,3.0882350897567634,2066.60973924419,4.379906576655438,1.8181818181818181,0.0,1.8181818181818181
